{"cameraMode":{"drawMode":0,"name":"Shaded","section":"Shading Mode"},"sceneLighting":false,"audioPlay":false,"sceneViewState":{"m_AlwaysRefresh":false,"showFog":true,"showSkybox":false,"showFlares":true,"showImageEffects":true,"showParticleSystems":true,"showVisualEffectGraphs":true,"m_FxEnabled":true},"in2DMode":false,"pivot":{"x":2.275339365005493,"y":-1.3546875715255738,"z":5.570066452026367},"rotation":{"x":0.27950426936149599,"y":0.03743362054228783,"z":-0.010906178504228592,"w":0.9593496918678284},"size":3.6734371185302736,"orthographic":false}